sku,attribute_set_code,store_view_code,product_type,categories,product_websites,name,description,short_description,weight,product_online,tax_class_name,visibility,price,special_price,special_price_from_date,special_price_to_date,url_key,meta_title,meta_keywords,meta_description,base_image,base_image_label,small_image,small_image_label,thumbnail_image,thumbnail_image_label,swatch_image,swatch_image_label,created_at,updated_at,new_from_date,new_to_date,display_product_options_in,map_price,msrp_price,map_enabled,gift_message_available,custom_design,custom_design_from,custom_design_to,custom_layout_update,page_layout,product_options_container,msrp_display_actual_price_type,country_of_manufacture,additional_attributes,qty,out_of_stock_qty,use_config_min_qty,is_qty_decimal,allow_backorders,use_config_backorders,min_cart_qty,use_config_min_sale_qty,max_cart_qty,use_config_max_sale_qty,is_in_stock,notify_on_stock_below,use_config_notify_stock_qty,manage_stock,use_config_manage_stock,use_config_qty_increments,qty_increments,use_config_enable_qty_inc,enable_qty_increments,is_decimal_divided,website_id,related_skus,related_position,crosssell_skus,crosssell_position,upsell_skus,upsell_position,additional_images,additional_image_labels,hide_from_product_page,custom_options,bundle_price_type,bundle_sku_type,bundle_price_view,bundle_weight_type,bundle_values,bundle_shipment_type,configurable_variations,configurable_variation_labels,associated_skus
B25-02,Default,cr,simple,Default Category/Mujer/bolsos/On the go,CR,MINIME CACAO,,"9,5"" x 7,5"" tira 55""",213,1,Taxable Goods,"Catalog, Search",29500,,,,B25-02,MINIME CACAO,"bolso,cuero,crusar,diario,pequeño,",Bolso de cuero sin forrar. Cierre con broche magnético. Correa ajustable. ,B25-02_minimiecafe_producto.jpg,B25-02_minimiecafe_producto,B25-02_minimiecafe_producto.jpg,B25-02_minimiecafe_producto,B25-02_minimiecafe_producto.jpg,B25-02_minimiecafe_producto,,,"5/23/19, 11:24 AM","6/26/19, 12:18 PM",5/23/19,5/23/20,Block after Info Column,,,,Use config,,,,,,,,,"featured=Yes,timershow=Yes,alto=10,largo=20,ancho=20",20,0,1,0,0,1,1,1,10000,1,1,1,1,1,1,1,1,1,0,0,0,,,,,,,B25-02_minimiecafe_modelo.jpg,B25-02_minimiecafe_modelo,,,,,,,,,,,
B25-49,Default,cr,simple,Default Category/Mujer/Bolsos/On the go,CR,MINIME LIMPET,,"9,5"" x 7,5"" tira 55""",213,1,Taxable Goods,"Catalog, Search",29500,,,,B25-49,MINIME LIMPET,"bolso,cuero,crusar,diario,pequeño,",Bolso de cuero sin forrar. Cierre con broche magnético. Correa ajustable. ,B25-49_Minimielimpet_producto.jpg,B25-49_Minimielimpet_producto,B25-49_Minimielimpet_producto.jpg,B25-49_Minimielimpet_producto,B25-49_Minimielimpet_producto.jpg,B25-49_Minimielimpet_producto,,,"5/23/19, 11:24 AM","6/26/19, 12:18 PM",5/23/19,5/23/20,Block after Info Column,,,,Use config,,,,,,,,,"featured=Yes,timershow=Yes",20,0,1,0,0,1,1,1,10000,1,1,1,1,1,1,1,1,1,0,0,0,,,,,,,B25-49_minimielimpet_modelo.jpg,B25-49_minimielimpet_modelo,,,,,,,,,,,
B25-01,Default,cr,simple,Default Category/Mujer/bolsos/On the go,CR,MINIME MIEL,,"9,5"" x 7,5"" tira 55""",213,1,Taxable Goods,"Catalog, Search",29500,,,,B25-01,MINIME MIEL,"bolso,cuero,crusar,diario,pequeño,",Bolso de cuero sin forrar. Cierre con broche magnético. Correa ajustable. ,B25-01_minimiemiel_producto.jpg,B25-01_minimiemiel_producto,B25-01_minimiemiel_producto.jpg,B25-01_minimiemiel_producto,B25-01_minimiemiel_producto.jpg,B25-01_minimiemiel_producto,,,"5/23/19, 11:24 AM","6/26/19, 12:18 PM",5/23/19,5/23/20,Block after Info Column,,,,Use config,,,,,,,,,"featured=Yes,timershow=Yes",20,0,1,0,0,1,1,1,10000,1,1,1,1,1,1,1,1,1,0,0,0,,,,,,,B25-01_minimiemiel_modelo.jpg,B25-01_minimiemiel_modelo,,,,,,,,,,,
B25-03,Default,cr,simple,Default Category/Mujer/bolsos/On the go,CR,MINIME NEGRO,,"9,5"" x 7,5"" tira 55""",213,1,Taxable Goods,"Catalog, Search",29500,,,,B25-03,MINIME NEGRO,"bolso,cuero,crusar,diario,pequeño,",Bolso de cuero sin forrar. Cierre con broche magnético. Correa ajustable. ,B25-03_minimienegro_producto.jpg,B25-03_minimienegro_producto,B25-03_minimienegro_producto.jpg,B25-03_minimienegro_producto,B25-03_minimienegro_producto.jpg,B25-03_minimienegro_producto,,,"5/23/19, 11:24 AM","6/26/19, 12:18 PM",5/23/19,5/23/20,Block after Info Column,,,,Use config,,,,,,,,,"featured=Yes,timershow=Yes",20,0,1,0,0,1,1,1,10000,1,1,1,1,1,1,1,1,1,0,0,0,,,,,,,B25-03_minimienegro_modelo.jpg,B25-03_minimienegro_modelo,,,,,,,,,,,
B25-15,Default,cr,simple,Default Category/Mujer/bolsos/On the go,CR,MINIME VAINILLA,,"9,5"" x 7,5"" tira 55""",213,1,Taxable Goods,"Catalog, Search",29500,,,,B25-15,MINIME VAINILLA,"bolso,cuero,crusar,diario,pequeño,",Bolso de cuero sin forrar. Cierre con broche magnético. Correa ajustable. ,B25-15_minimievainilla_producto.jpg,B25-15_minimievainilla_producto,B25-15_minimievainilla_producto.jpg,B25-15_minimievainilla_producto,B25-15_minimievainilla_producto.jpg,B25-15_minimievainilla_producto,,,"5/23/19, 11:24 AM","6/26/19, 12:18 PM",5/23/19,5/23/20,Block after Info Column,,,,Use config,,,,,,,,,"featured=Yes,timershow=Yes",20,0,1,0,0,1,1,1,10000,1,1,1,1,1,1,1,1,1,0,0,0,,,,,,,B25-15_minimievainilla_modelo.jpg,B25-15_minimievainilla_modelo,,,,,,,,,,,
B25-46,Default,cr,simple,Default Category/Mujer/bolsos/On the go,CR,MINIME PEACH,,"9,5"" x 7,5"" tira 55""",213,1,Taxable Goods,"Catalog, Search",29500,,,,B25-46,MINIME PEACH,"bolso,cuero,crusar,diario,pequeño,",Bolso de cuero sin forrar. Cierre con broche magnético. Correa ajustable. ,B25-46_minimiepeach_producto.jpg,B25-46_minimiepeach_producto,B25-46_minimiepeach_producto.jpg,B25-46_minimiepeach_producto,B25-46_minimiepeach_producto.jpg,B25-46_minimiepeach_producto,,,"5/23/19, 11:24 AM","6/26/19, 12:18 PM",5/23/19,5/23/20,Block after Info Column,,,,Use config,,,,,,,,,"featured=Yes,timershow=Yes",20,0,1,0,0,1,1,1,10000,1,1,1,1,1,1,1,1,1,0,0,0,,,,,,,B25-46_minimiepeach_modelo.jpg,B25-46_minimiepeach_modelo,,,,,,,,,,,
B46-01,Default,cr,simple,Default Category/Mujer/bolsos/On the go,CR,BASICO MIEL,,"8,5""x8,5 x 2"" tira 54""-59""",266,1,Taxable Goods,"Catalog, Search",39000,,,,B46-01,BASICO MIEL,"bolso,cuero,crusar,diario,pequeño,",Bolso de cuero sin forrar. Cierre con broche. Correa ajustable.,B46-01_basicomiel_producto.jpg,B46-01_basicomiel_producto,B46-01_basicomiel_producto.jpg,B46-01_basicomiel_producto,B46-01_basicomiel_producto.jpg,B46-01_basicomiel_producto,,,"5/23/19, 11:24 AM","6/26/19, 12:18 PM",5/23/19,5/23/20,Block after Info Column,,,,Use config,,,,,,,,,"featured=Yes,timershow=Yes",20,0,1,0,0,1,1,1,10000,1,1,1,1,1,1,1,1,1,0,0,0,,,,,,,"B46-01_basicomiel_producto2.jpg, B46-01_basicomiel_modelo.jpg","B46-01_basicomiel_producto2,B46-01_basicomiel_modelo",,,,,,,,,,,
B46-39,Default,cr,simple,Default Category/Mujer/bolsos/On the go,CR,BASICO CACAO,,"8,5""x8,5 x 2"" tira 54""-59""",266,1,Taxable Goods,"Catalog, Search",39000,,,,B46-39,BASICO CACAO,"bolso,cuero,crusar,diario,pequeño,",Bolso de cuero sin forrar. Cierre con broche. Correa ajustable.,B46-39_basicocacao_producto.jpg,B46-39_basicocacao_producto,B46-39_basicocacao_producto.jpg,B46-39_basicocacao_producto,B46-39_basicocacao_producto.jpg,B46-39_basicocacao_producto,,,"5/23/19, 11:24 AM","6/26/19, 12:18 PM",5/23/19,5/23/20,Block after Info Column,,,,Use config,,,,,,,,,"featured=Yes,timershow=Yes",20,0,1,0,0,1,1,1,10000,1,1,1,1,1,1,1,1,1,0,0,0,,,,,,,"B46-39_basicocacao_producto2.jpg,B46-39_basicocacao_modelo.jpg","B46-39_basicocacao_producto2,B46-39_basicocacao_modelo",,,,,,,,,,,
B85-52,Default,cr,simple,Default Category/Mujer/bolsos/On the go,CR,GROOVY DORADO,,"6"" x 8"" x 2"" tira 47,5""-52,5""",236,1,Taxable Goods,"Catalog, Search",34000,,,,B85-52,GROOVY DORADO,"bolso,cuero,crusar,diario,pequeño,",Bolso de cuero sin forrar. Cierre de broche mágnetico. Correa ajustable.,B85-52_groovydorado_producto.jpg,B85-52_groovydorado_producto,B85-52_groovydorado_producto.jpg,B85-52_groovydorado_producto,B85-52_groovydorado_producto.jpg,B85-52_groovydorado_producto,,,"5/23/19, 11:24 AM","6/26/19, 12:18 PM",5/23/19,5/23/20,Block after Info Column,,,,Use config,,,,,,,,,"featured=Yes,timershow=Yes",20,0,1,0,0,1,1,1,10000,1,1,1,1,1,1,1,1,1,0,0,0,,,,,,,B85-52_grooydorado_modelo.jpg,B85-52_grooydorado_modelo,,,,,,,,,,,
B85-57,Default,cr,simple,Default Category/Mujer/bolsos/On the go,CR,GROOVY NEGRO LAGARTO,,"6"" x 8"" x 2"" tira 47,5""-52,5""",266,1,Taxable Goods,"Catalog, Search",34000,,,,B85-57,GROOVY NEGRO LAGARTO,"bolso,cuero,crusar,diario,pequeño,",Bolso de cuero sin forrar. Cierre de broche mágnetico. Correa ajustable.,B85-57_groovynegro_producto.jpg,B85-57_groovynegro_producto,B85-57_groovynegro_producto.jpg,B85-57_groovynegro_producto,B85-57_groovynegro_producto.jpg,B85-57_groovynegro_producto,,,"5/23/19, 11:24 AM","6/26/19, 12:18 PM",5/23/19,5/23/20,Block after Info Column,,,,Use config,,,,,,,,,"featured=Yes,timershow=Yes",20,0,1,0,0,1,1,1,10000,1,1,1,1,1,1,1,1,1,0,0,0,,,,,,,B85-57_groovynegro_modelo.jpg,B85-57_groovynegro_modelo,,,,,,,,,,,
B85-53,Default,cr,simple,Default Category/Mujer/bolsos/On the go,CR,GROOVY PLATEADO,,"6"" x 8"" x 2"" tira 47,5""-52,5""",220,1,Taxable Goods,"Catalog, Search",34000,,,,B85-53,GROOVY PLATEADO,"bolso,cuero,crusar,diario,pequeño,",Bolso de cuero sin forrar. Cierre de broche mágnetico. Correa ajustable.,B85-53_groovyplateado_producto.jpg,B85-53_groovyplateado_producto,B85-53_groovyplateado_producto.jpg,B85-53_groovyplateado_producto,B85-53_groovyplateado_producto.jpg,B85-53_groovyplateado_producto,,,"5/23/19, 11:24 AM","6/26/19, 12:18 PM",5/23/19,5/23/20,Block after Info Column,,,,Use config,,,,,,,,,"featured=Yes,timershow=Yes",20,0,1,0,0,1,1,1,10000,1,1,1,1,1,1,1,1,1,0,0,0,,,,,,,B85-53_groovyplateado_modelo.jpg,B85-53_groovyplateado_modelo,,,,,,,,,,,
A85-52,Default,cr,simple,"Default Category/Mujer,Default Category/accesorios, Default Category/Hombre",CR,CANGURO DORADO,,"6,5"" x 9"" tira P 22.5"" - 20"" G 28,5""-26""",226,1,Taxable Goods,"Catalog, Search",42000,,,,A85-52,CANGURO DORADO,"Accesorios, cuero, cintura, diario",Canguro de cuero metálico sin forrar. Faja ajustable con hebilla y pasador. Cierre con zipper en bolsillo frontal.,A85-52_cangurodorado_producto.jpg,A85-52_cangurodorado_producto,A85-52_cangurodorado_producto.jpg,A85-52_cangurodorado_producto,A85-52_cangurodorado_producto.jpg,A85-52_cangurodorado_producto,,,"5/23/19, 11:24 AM","6/26/19, 12:18 PM",5/23/19,5/23/20,Block after Info Column,,,,Use config,,,,,,,,,"featured=Yes,timershow=Yes",20,0,1,0,0,1,1,1,10000,1,1,1,1,1,1,1,1,1,0,0,0,,,,,,,A85-52_cangurodorado_modelo.jpg,A85-52_cangurodorado_modelo,,,,,,,,,,,
A85-01,Default,cr,simple,"Default Category/Mujer,Default Category/accesorios, Default Category/Hombre",CR,CANGURO MIEL,,"6,5"" x 9"" tira P 22.5"" - 20"" G 28,5""-26""",226,1,Taxable Goods,"Catalog, Search",42000,,,,A85-01,CANGURO MIEL,"Accesorios, cuero, cintura, diario",Canguro de cuero sin forrar. Faja ajustable con hebilla y pasador. Cierre con zipper en bolsillo frontal.,A85-01_canguromiel_producto.jpg,A85-01_canguromiel_producto,A85-01_canguromiel_producto.jpg,A85-01_canguromiel_producto,A85-01_canguromiel_producto.jpg,A85-01_canguromiel_producto,,,"5/23/19, 11:24 AM","6/26/19, 12:18 PM",5/23/19,5/23/20,Block after Info Column,,,,Use config,,,,,,,,,"featured=Yes,timershow=Yes",20,0,1,0,0,1,1,1,10000,1,1,1,1,1,1,1,1,1,0,0,0,,,,,,,A85-01_canguromiel_modelo.jpg,A85-01_canguromiel_modelo,,,,,,,,,,,
A85-56,Default,cr,simple,"Default Category/Mujer,Default Category/accesorios, Default Category/Hombre",CR,CANGURO NEGRO METALICO,,"6,5"" x 9"" tira P 22.5"" - 20"" G 28,5""-26""",226,1,Taxable Goods,"Catalog, Search",42000,,,,A85-56,CANGURO NEGRO METALICO,"Accesorios, cuero, cintura, diario",Canguro de cuero sin forrar. Faja ajustable con hebilla y pasador. Cierre con zipper en bolsillo frontal.,A85-56_canguronegro_producto.jpg,A85-56_canguronegro_producto,A85-56_canguronegro_producto.jpg,A85-56_canguronegro_producto,A85-56_canguronegro_producto.jpg,A85-56_canguronegro_producto,,,"5/23/19, 11:24 AM","6/26/19, 12:18 PM",5/23/19,5/23/20,Block after Info Column,,,,Use config,,,,,,,,,"featured=Yes,timershow=Yes",20,0,1,0,0,1,1,1,10000,1,1,1,1,1,1,1,1,1,0,0,0,,,,,,,A85-56_canguronegro_modelo.jpg,A85-56_canguronegro_modelo,,,,,,,,,,,
B20-01,Default,cr,simple,Default Category/Mujer/Bolsos/On the go,CR,BERRY MIEL,,"10,5"" x 12"" tira 53""",409,1,Taxable Goods,"Catalog, Search",54500,,,,B20-01,BERRY MIEL,"bolso,cuero,crusar,diario,pequeño,","Bolso de cuero forrado en tela. Cierre con zipper, un bolsillo interno sin cierre y otro bolsillo interno para el celular.",B20-01_berrymiel_producto.jpg,B20-01_berrymiel_producto,B20-01_berrymiel_producto.jpg,B20-01_berrymiel_producto,B20-01_berrymiel_producto.jpg,B20-01_berrymiel_producto,,,"5/23/19, 11:24 AM","6/26/19, 12:18 PM",5/23/19,5/23/20,Block after Info Column,,,,Use config,,,,,,,,,"featured=Yes,timershow=Yes",20,0,1,0,0,1,1,1,10000,1,1,1,1,1,1,1,1,1,0,0,0,,,,,,,B20-01_berrymiel_modelo.jpg,B20-01_berrymiel_modelo,,,,,,,,,,,
B20-15,Default,cr,simple,Default Category/Mujer/Bolsos/On the go,CR,BERRY VAINILLA,,"10,5"" x 12"" tira 53""",399,1,Taxable Goods,"Catalog, Search",54500,,,,B20-15,BERRY VAINILLA,"bolso,cuero,crusar,diario,pequeño,","Bolso de cuero forrado en tela. Cierre con zipper, un bolsillo interno sin cierre y otro bolsillo interno para el celular.",B20-15_berryvainilla_producto.jpg,B20-15_berryvainilla_producto,B20-15_berryvainilla_producto.jpg,B20-15_berryvainilla_producto,B20-15_berryvainilla_producto.jpg,B20-15_berryvainilla_producto,,,"5/23/19, 11:24 AM","6/26/19, 12:18 PM",5/23/19,5/23/20,Block after Info Column,,,,Use config,,,,,,,,,"featured=Yes,timershow=Yes",20,0,1,0,0,1,1,1,10000,1,1,1,1,1,1,1,1,1,0,0,0,,,,,,,B20-15_berryvainilla_modelo.jpg,B20-15_berryvainilla_modelo,,,,,,,,,,,
B20-30,Default,cr,simple,Default Category/Mujer/Bolsos/On the go,CR,BERRY NOPPI SABAN,,"10,5"" x 12"" tira 53""",369,1,Taxable Goods,"Catalog, Search",54500,,,,B20-30,BERRY NOPPI SABAN,"bolso,cuero,crusar,diario,pequeño,","Bolso de cuero forrado en tela. Cierre con zipper, un bolsillo interno sin cierre y otro bolsillo interno para el celular.",B20-30_berrynoppi_producto.jpg,B20-30_berrynoppi_producto,B20-30_berrynoppi_producto.jpg,B20-30_berrynoppi_producto,B20-30_berrynoppi_producto.jpg,B20-30_berrynoppi_producto,,,"5/23/19, 11:24 AM","6/26/19, 12:18 PM",5/23/19,5/23/20,Block after Info Column,,,,Use config,,,,,,,,,"featured=Yes,timershow=Yes",20,0,1,0,0,1,1,1,10000,1,1,1,1,1,1,1,1,1,0,0,0,,,,,,,B20-30_berrynoppi_modelo.jpg,B20-30_berrynoppi_modelo,,,,,,,,,,,
B20-20,Default,cr,simple,Default Category/Mujer/Bolsos/On the go,CR,BERRY ROJO,,"10,5"" x 12"" tira 53""",394,1,Taxable Goods,"Catalog, Search",54500,,,,B20-20,BERRY ROJO,"bolso,cuero,crusar,diario,pequeño,","Bolso de cuero forrado en tela. Cierre con zipper, un bolsillo interno sin cierre y otro bolsillo interno para el celular.",B20-20_berryrojo_producto.jpg,B20-20_berryrojo_producto,B20-20_berryrojo_producto.jpg,B20-20_berryrojo_producto,B20-20_berryrojo_producto.jpg,B20-20_berryrojo_producto,,,"5/23/19, 11:24 AM","6/26/19, 12:18 PM",5/23/19,5/23/20,Block after Info Column,,,,Use config,,,,,,,,,"featured=Yes,timershow=Yes",20,0,1,0,0,1,1,1,10000,1,1,1,1,1,1,1,1,1,0,0,0,,,,,,,B20-20_berryrojo_modelo.jpg,B20-20_berryrojo_modelo,,,,,,,,,,,
B20-49,Default,cr,simple,Default Category/Mujer/Bolsos/On the go,CR,BERRY LIMPET,,"10,5"" x 12"" tira 53""",409,1,Taxable Goods,"Catalog, Search",54500,,,,B20-49,BERRY LIMPET,"bolso,cuero,crusar,diario,pequeño,","Bolso de cuero forrado en tela. Cierre con zipper, un bolsillo interno sin cierre y otro bolsillo interno para el celular.",B20-49_berrylimpet_producto.jpg,B20-49_berrylimpet_producto,B20-49_berrylimpet_producto.jpg,B20-49_berrylimpet_producto,B20-49_berrylimpet_producto.jpg,B20-49_berrylimpet_producto,,,"5/23/19, 11:24 AM","6/26/19, 12:18 PM",5/23/19,5/23/20,Block after Info Column,,,,Use config,,,,,,,,,"featured=Yes,timershow=Yes",20,0,1,0,0,1,1,1,10000,1,1,1,1,1,1,1,1,1,0,0,0,,,,,,,B20-49_berrylimpet_modelo.jpg,B20-49_berrylimpet_modelo,,,,,,,,,,,
B53-01,Default,cr,simple,Default Category/Mujer/Mochilas,CR,MOCHILA OAK MIEL,," 14"" x 12""  x 5"" tiras 27""-30""",1085,1,Taxable Goods,"Catalog, Search",108000,,,,B53-01,MOCHILA OAK MIEL,"Mochila, cuero, multiiuso, diario","Mochila de cuero forrada en tela. Cierre con zipper, un bolsillo externo con zipper y un bolsillo interno con zipper. Correas ajustables.",B53-01_mochilaoakmiel_producto1.jpg,B53-01_mochilaoakmiel_producto1,B53-01_mochilaoakmiel_producto1.jpg,B53-01_mochilaoakmiel_producto1,B53-01_mochilaoakmiel_producto1.jpg,B53-01_mochilaoakmiel_producto1,,,"5/23/19, 11:24 AM","6/26/19, 12:18 PM",5/23/19,5/23/20,Block after Info Column,,,,Use config,,,,,,,,,"featured=Yes,timershow=Yes",20,0,1,0,0,1,1,1,10000,1,1,1,1,1,1,1,1,1,0,0,0,,,,,,,"B53-01_mochilaoakmiel_producto2.jpg,B53-01_mochilaoakmiel_producto3.jpg,B53-01_mochilaoakmiel_modelo.jpg","B53-01_mochilaoakmiel_producto2,B53-01_mochilaoakmiel_producto3,B53-01_mochilaoakmiel_modelo",,,,,,,,,,,
B53-03,Default,cr,simple,Default Category/Mujer/Mochilas,CR,MOCHILA OAK NEGRO,," 14"" x 12""  x 5"" tiras 27""-30""",1085,1,Taxable Goods,"Catalog, Search",108000,,,,B53-03,MOCHILA OAK NEGRO,"Mochila, cuero, multiiuso, diario","Mochila de cuero forrada en tela. Cierre con zipper, un bolsillo externo con zipper y un bolsillo interno con zipper. Correas ajustables.",B53-03_mochilaoaknegra_producto.jpg,B53-03_mochilaoaknegra_producto,B53-03_mochilaoaknegra_producto.jpg,B53-03_mochilaoaknegra_producto,B53-03_mochilaoaknegra_producto.jpg,B53-03_mochilaoaknegra_producto,,,"5/23/19, 11:24 AM","6/26/19, 12:18 PM",5/23/19,5/23/20,Block after Info Column,,,,Use config,,,,,,,,,"featured=Yes,timershow=Yes",20,0,1,0,0,1,1,1,10000,1,1,1,1,1,1,1,1,1,0,0,0,,,,,,,"B53-03_mochilaoaknegra_producto2.jpg,B53-03_mochilaoaknegra_producto3.jpg,B53-03_mochilaoaknegra_modelo.jpg","B53-03_mochilaoaknegra_producto2,B53-03_mochilaoaknegra_producto3,B53-03_mochilaoaknegra_modelo",,,,,,,,,,,
B53-53,Default,cr,simple,Default Category/Mujer/Mochilas,CR,MOCHILA OAK PLATEADO,," 14"" x 12""  x 5"" tiras 27""-30""",1085,1,Taxable Goods,"Catalog, Search",108000,,,,B53-53,MOCHILA OAK PLATEADO,"Mochila, cuero, multiiuso, diario","Mochila de cuero forrada en tela. Cierre con zipper, un bolsillo externo con zipper y un bolsillo interno con zipper. Correas ajustables.",B53-53_mochilaoakplateada_producto1.jpg,B53-53_mochilaoakplateada_producto1,B53-53_mochilaoakplateada_producto1.jpg,B53-53_mochilaoakplateada_producto1,B53-53_mochilaoakplateada_producto1.jpg,B53-53_mochilaoakplateada_producto1,,,"5/23/19, 11:24 AM","6/26/19, 12:18 PM",5/23/19,5/23/20,Block after Info Column,,,,Use config,,,,,,,,,"featured=Yes,timershow=Yes",20,0,1,0,0,1,1,1,10000,1,1,1,1,1,1,1,1,1,0,0,0,,,,,,,"B53-53_mochilaoakplateada_producto2.jpg,B53-53_mochilaoakplateada_producto3.jpg,B53-53_mochilaoakplateada_modelo.jpg","B53-53_mochilaoakplateada_producto2,B53-53_mochilaoakplateada_producto3,B53-53_mochilaoakplateada_modelo",,,,,,,,,,,
B53-24,Default,cr,simple,Default Category/Mujer/Mochilas,CR,MOCHILA OAK SALMON,," 14"" x 12""  x 5"" tiras 27""-30""",1085,1,Taxable Goods,"Catalog, Search",108000,,,,B53-24,MOCHILA OAK SALMON,"Mochila, cuero, multiiuso, diario","Mochila de cuero forrada en tela. Cierre con zipper, un bolsillo externo con zipper y un bolsillo interno con zipper. Correas ajustables.",B53-24_mochilaoaksalmon_producto1.jpg,B53-24_mochilaoaksalmon_producto1,B53-24_mochilaoaksalmon_producto1.jpg,B53-24_mochilaoaksalmon_producto1,B53-24_mochilaoaksalmon_producto1.jpg,B53-24_mochilaoaksalmon_producto1,,,"5/23/19, 11:24 AM","6/26/19, 12:18 PM",5/23/19,5/23/20,Block after Info Column,,,,Use config,,,,,,,,,"featured=Yes,timershow=Yes",20,0,1,0,0,1,1,1,10000,1,1,1,1,1,1,1,1,1,0,0,0,,,,,,,"B53-24_mochilaoaksalmon_producto2.jpg,B53-24_mochilaoaksalmon_producto3.jpg","B53-24_mochilaoaksalmon_producto2,B53-24_mochilaoaksalmon_producto3",,,,,,,,,,,
B75-01,Default,cr,simple,"Default Category/Mujer/Mochilas, Default Category/Hombre",CR,NAVY MIEL,,"15"" x 12,75""  x 6,5""  tiras  20""-37""",1375,1,Taxable Goods,"Catalog, Search",120000,,,,B75-01,NAVY MIEL,"Mochila, cuero, multiiuso, diario","Mochila de cuero forrada en tela. Cierre con zipper, un bolsillo externo con zipper y un bolsillo interno con zipper. Correas ajustables.",B75-01_navymiel_producto1.jpg,B75-01_navymiel_producto1,B75-01_navymiel_producto1.jpg,B75-01_navymiel_producto1,B75-01_navymiel_producto1.jpg,B75-01_navymiel_producto1,,,"5/23/19, 11:24 AM","6/26/19, 12:18 PM",5/23/19,5/23/20,Block after Info Column,,,,Use config,,,,,,,,,"featured=Yes,timershow=Yes",20,0,1,0,0,1,1,1,10000,1,1,1,1,1,1,1,1,1,0,0,0,,,,,,,"B75-01_navymiel_producto2.jpg,B75-01_navymiel_producto3.jpg,B75-01_navymiel_modelo.jpg","B75-01_navymiel_producto2,B75-01_navymiel_producto3,B75-01_navymiel_modelo",,,,,,,,,,,
B75-03,Default,cr,simple,"Default Category/Mujer/Mochilas, Default Category/Hombre",CR,NAVY NEGRO,,"15"" x 12,75""  x 6,5""  tiras  20""-37""",1375,1,Taxable Goods,"Catalog, Search",120000,,,,B75-03,NAVY NEGRO,"Mochila, cuero, multiiuso, diario","Mochila de cuero forrada en tela. Cierre con zipper, un bolsillo externo con zipper y un bolsillo interno con zipper. Correas ajustables.",B75-03_navynegra_producto1.jpg,B75-03_navynegra_producto1,B75-03_navynegra_producto1.jpg,B75-03_navynegra_producto1,B75-03_navynegra_producto1.jpg,B75-03_navynegra_producto1,,,"5/23/19, 11:24 AM","6/26/19, 12:18 PM",5/23/19,5/23/20,Block after Info Column,,,,Use config,,,,,,,,,"featured=Yes,timershow=Yes",20,0,1,0,0,1,1,1,10000,1,1,1,1,1,1,1,1,1,0,0,0,,,,,,,"B75-03_navynegra_producto2.jpg,B75-03_navynegra_producto2.jpg,B75-03_navynegra_producto3.jpg,B75-03_navynegra_mo","B75-03_navynegra_producto2,B75-03_navynegra_producto2,B75-03_navynegra_producto3,B75-03_navynegra_modelo",,,,,,,,,,,
B11-02,Default,cr,simple,"Default Category/Mujer/Mochilas, Default Category/Hombre",CR,TRAVEL BACK PACK CACAO,,"14,5"" x 11"" x 4,5"" tiras 26""-31""",1275,1,Taxable Goods,"Catalog, Search",114000,,,,B11-02,TRAVEL BACK PACK CAFE OSCURO,"Mochila, cuero, multiuso, ajustable","Mochila de cuero forrada en tela. Cierre con hebillas, dos bolsillos externos, un bolsillo interno con zipper y un bolsillo interno para el celular. Correas ajustables.",B11-02_travelbackpackcafe_producto1.jpg,B11-02_travelbackpackcafe_producto1,B11-02_travelbackpackcafe_producto1.jpg,B11-02_travelbackpackcafe_producto1,B11-02_travelbackpackcafe_producto1.jpg,B11-02_travelbackpackcafe_producto1,,,"5/23/19, 11:24 AM","6/26/19, 12:18 PM",5/23/19,5/23/20,Block after Info Column,,,,Use config,,,,,,,,,"featured=Yes,timershow=Yes",20,0,1,0,0,1,1,1,10000,1,1,1,1,1,1,1,1,1,0,0,0,,,,,,,"B11-02_travelbackpackcafe_producto2.jpg,B11-02_travelbackpackcafe_producto3.jpg,B11-02_travelbackpackcafe_modelo.jpg","B11-02_travelbackpackcafe_producto2,B11-02_travelbackpackcafe_producto3,B11-02_travelbackpackcafe_modelo",,,,,,,,,,,
B11-01,Default,cr,simple,"Default Category/Mujer/Mochilas, Default Category/Hombre",CR,TRAVEL BACK PACK MIEL,,"14,5"" x 11"" x 4,5"" tiras 26""-31""",1275,1,Taxable Goods,"Catalog, Search",114000,,,,B11-01,TRAVEL BACK PACK MIEL,"Mochila, cuero, multiuso, ajustable","Mochila de cuero forrada en tela. Cierre con hebillas, dos bolsillos externos, un bolsillo interno con zipper y un bolsillo interno para el celular. Correas ajustables.",B11-01_travelbackpackmiel_producto1.jpg,B11-01_travelbackpackmiel_producto1,B11-01_travelbackpackmiel_producto1.jpg,B11-01_travelbackpackmiel_producto1,B11-01_travelbackpackmiel_producto1.jpg,B11-01_travelbackpackmiel_producto1,,,"5/23/19, 11:24 AM","6/26/19, 12:18 PM",5/23/19,5/23/20,Block after Info Column,,,,Use config,,,,,,,,,"featured=Yes,timershow=Yes",20,0,1,0,0,1,1,1,10000,1,1,1,1,1,1,1,1,1,0,0,0,,,,,,,"B11-01_travelbackpackmiel_producto2.jpg,B11-01_travelbackpackmiel_producto3.jpg,B11-01_travelbackpackmiel_modelo.jpg","B11-01_travelbackpackmiel_producto2,B11-01_travelbackpackmiel_producto3,B11-01_travelbackpackmiel_modelo",,,,,,,,,,,
B24-55,Default,cr,simple,Default Category/Mujer/Bolso/Día a día,CR,OTOÑO COOPER,,"11"" x 12"" x 5"" tiras 16,5""",875,1,Taxable Goods,"Catalog, Search",83000,,,,B24-55,OTOÑO COOPER,"Bolso, cuero, casual, diario","Bolso de cuero forrado en tela. Cierre con broche, un bolsillo interno y un bolsillo interno para el celular. Incluye un accesorio variado.",placeholder.jpg,,,,,,,,"5/23/19, 11:24 AM","6/26/19, 12:18 PM",5/23/19,5/23/20,Block after Info Column,,,,Use config,,,,,,,,,"featured=Yes,timershow=Yes",20,0,1,0,0,1,1,1,10000,1,1,1,1,1,1,1,1,1,0,0,0,,,,,,,,,,,,,,,,,,,
B24-59,Default,cr,simple,Default Category/Mujer/Bolso/Día a día,CR,OTOÑO SELVA,,"11"" x 12"" x 5"" tiras 16,5""",875,1,Taxable Goods,"Catalog, Search",83000,,,,B24-59,OTOÑO SELVA,"Bolso, cuero, casual, diario","Bolso de cuero forrado en tela. Cierre con broche, un bolsillo interno y un bolsillo interno para el celular. Incluye un accesorio variado.",B24-59_otoñoselva_producto1.jpg,B24-59_otoñoselva_producto1,B24-59_otoñoselva_producto1.jpg,B24-59_otoñoselva_producto1, B24-59_otoñoselva_producto1.jpg,B24-59_otoñoselva_producto1,,,"5/23/19, 11:24 AM","6/26/19, 12:18 PM",5/23/19,5/23/20,Block after Info Column,,,,Use config,,,,,,,,,"featured=Yes,timershow=Yes",20,0,1,0,0,1,1,1,10000,1,1,1,1,1,1,1,1,1,0,0,0,,,,,,,"B24-59_otoñoselva_producto2.jpg,B24-59_otoñoselva_modelo.jpg","B24-59_otoñoselva_producto2,B24-59_otoñoselva_modelo",,,,,,,,,,,
B24-01,Default,cr,simple,Default Category/Mujer/Bolso/Día a día,CR,OTOÑO MIEL,,"11"" x 12"" x 5"" tiras 16,5""",875,1,Taxable Goods,"Catalog, Search",83000,,,,B24-01,OTOÑO MIEL,"Bolso, cuero, casual, diario","Bolso de cuero forrado en tela. Cierre con broche, un bolsillo interno y un bolsillo interno para el celular. Incluye un accesorio variado.",B24-01_otoñomiel_producto1.jpg,B24-01_otoñomiel_producto1,B24-01_otoñomiel_producto1.jpg,B24-01_otoñomiel_producto1,B24-01_otoñomiel_producto1.jpg,B24-01_otoñomiel_producto1,,,"5/23/19, 11:24 AM","6/26/19, 12:18 PM",5/23/19,5/23/20,Block after Info Column,,,,Use config,,,,,,,,,"featured=Yes,timershow=Yes",20,0,1,0,0,1,1,1,10000,1,1,1,1,1,1,1,1,1,0,0,0,,,,,,,"B24-01_otoñomiel_producto2.jpg,B24-01_otoñomiel_modelo.jpg","B24-01_otoñomiel_producto2,B24-01_otoñomiel_modelo",,,,,,,,,,,
B67-01,Default,cr,simple,Default Category/Mujer/Bolso/Día a día,CR,BUCKET MIEL,,"13"" x 11"" x 6,5"" tira corta 18 tira larga 37""",1005,1,Taxable Goods,"Catalog, Search",79500,,,,B67-01,BUCKET MIEL,"Bolso, cuero, casual, diario",Bolso de cuero sin forrar. Con cierre de cordón. Bolsillo interno para celular. Una correa corta para el hombro y una correa larga para cruzar.,B67-01_bucketmiel_producto.jpg,B67-01_bucketmiel_producto,B67-01_bucketmiel_producto.jpg,B67-01_bucketmiel_producto,B67-01_bucketmiel_producto.jpg,B67-01_bucketmiel_producto,,,"5/23/19, 11:24 AM","6/26/19, 12:18 PM",5/23/19,5/23/20,Block after Info Column,,,,Use config,,,,,,,,,"featured=Yes,timershow=Yes",20,0,1,0,0,1,1,1,10000,1,1,1,1,1,1,1,1,1,0,0,0,,,,,,,,,,,,,,,,,,,
B67-30,Default,cr,simple,Default Category/Mujer/Bolso/Día a día,CR,BUCKET NOPPI SABAN,,"13"" x 11"" x 6,5"" tira corta 18 tira larga 37""",993,1,Taxable Goods,"Catalog, Search",79500,,,,B67-30,BUCKET NOPPI SABAN,"Bolso, cuero, casual, diario",Bolso de cuero sin forrar. Con cierre de cordón. Bolsillo interno para celular. Una correa corta para el hombro y una correa larga para cruzar.,B67-30_bucketnoppi_producto1.jpg,B67-30_bucketnoppi_producto1,B67-30_bucketnoppi_producto1.jpg,B67-30_bucketnoppi_producto1,B67-30_bucketnoppi_producto1.jpg,B67-30_bucketnoppi_producto1,,,"5/23/19, 11:24 AM","6/26/19, 12:18 PM",5/23/19,5/23/20,Block after Info Column,,,,Use config,,,,,,,,,"featured=Yes,timershow=Yes",20,0,1,0,0,1,1,1,10000,1,1,1,1,1,1,1,1,1,0,0,0,,,,,,,B67-30_bucketnoppi_modelo.jpg,B67-30_bucketnoppi_modelo,,,,,,,,,,,
B21-01,Default,cr,simple,Default Category/Mujer/Bolso/Día a día,CR,CANELA MIEL,,"12"" x 14,5"" agarraderas 16,5""  tira larga 30"" - 54""",925,1,Taxable Goods,"Catalog, Search",70500,,,,B21-01,CANELA MIEL,"Bolso, cuero, casual, diario","Bolso de cuero forrado en tela. Cierre con zipper y un bolsillo interno con zipper. Correa ajustable, se puede usar como bolso de mano o como bolso de cruzar.",B21-01_canelamiel_producto.jpg,B21-01_canelamiel_producto,B21-01_canelamiel_producto.jpg,B21-01_canelamiel_producto,B21-01_canelamiel_producto.jpg,B21-01_canelamiel_producto,,,"5/23/19, 11:24 AM","6/26/19, 12:18 PM",5/23/19,5/23/20,Block after Info Column,,,,Use config,,,,,,,,,"featured=Yes,timershow=Yes",20,0,1,0,0,1,1,1,10000,1,1,1,1,1,1,1,1,1,0,0,0,,,,,,,B21-01_canelamiel_modelo.jpg,B21-01_canelamiel_modelo,,,,,,,,,,,
B21-03,Default,cr,simple,Default Category/Mujer/Bolso/Día a día,CR,CANELA NEGRO,,"12"" x 14,5"" agarraderas 16,5""  tira larga 30"" - 54""",950,1,Taxable Goods,"Catalog, Search",70500,,,,B21-03,CANELA NEGRO,"Bolso, cuero, casual, diario","Bolso de cuero forrado en tela. Cierre con zipper y un bolsillo interno con zipper. Correa ajustable, se puede usar como bolso de mano o como bolso de cruzar.",B21-03_canelanegro_producto.jpg,B21-03_canelanegro_producto,B21-03_canelanegro_producto.jpg,B21-03_canelanegro_producto,B21-03_canelanegro_producto.jpg,B21-03_canelanegro_producto,,,"5/23/19, 11:24 AM","6/26/19, 12:18 PM",5/23/19,5/23/20,Block after Info Column,,,,Use config,,,,,,,,,"featured=Yes,timershow=Yes",20,0,1,0,0,1,1,1,10000,1,1,1,1,1,1,1,1,1,0,0,0,,,,,,,B21-03_canelanegro_modelo.jpg,B21-03_canelanegro_modelo,,,,,,,,,,,
B38-37,Default,cr,simple,Default Category/Mujer/Bolso/Día a día,CR,EUCALIPTO ESPAÑA,,"15,5"" x 17"" x 4,5"" agarraderas 22""",825,1,Taxable Goods,"Catalog, Search",69000,,,,B38-37,EUCALIPTO ESPAÑA,"Bolso, cuero, casual, diario",Bolso de cuero sin forrar. Sin cierre. Un bolsillo interno para el celular.,B38-37_eucaliptoespaña_producto.jpg,B38-37_eucaliptoespaña_producto,B38-37_eucaliptoespaña_producto.jpg,B38-37_eucaliptoespaña_producto,B38-37_eucaliptoespaña_prodcto.jpg,B38-37_eucaliptoespaña_producto,,,"5/23/19, 11:24 AM","6/26/19, 12:18 PM",5/23/19,5/23/20,Block after Info Column,,,,Use config,,,,,,,,,"featured=Yes,timershow=Yes",20,0,1,0,0,1,1,1,10000,1,1,1,1,1,1,1,1,1,0,0,0,,,,,,,B38-37_eucaliptoespaña_modelo.jpg,B38-37_eucaliptoespaña_modelo,,,,,,,,,,,
B38-11,Default,cr,simple,Default Category/Mujer/Bolso/Día a día,CR,EUCALIPTO NARANJA,,"15,5"" x 17"" x 4,5"" agarraderas 22""",825,1,Taxable Goods,"Catalog, Search",69000,,,,B38-11,EUCALIPTO NARANJA,"Bolso, cuero, casual, diario",Bolso de cuero sin forrar. Sin cierre. Un bolsillo interno para el celular.,B38-11_ecualiptonaranja_producto.jpg,B38-11_ecualiptonaranja_producto,B38-11_ecualiptonaranja_producto.jpg,B38-11_ecualiptonaranja_producto,B38-11_ecualiptonaranja_producto.jpg,B38-11_ecualiptonaranja_producto,,,"5/23/19, 11:24 AM","6/26/19, 12:18 PM",5/23/19,5/23/20,Block after Info Column,,,,Use config,,,,,,,,,"featured=Yes,timershow=Yes",20,0,1,0,0,1,1,1,10000,1,1,1,1,1,1,1,1,1,0,0,0,,,,,,,B38-11_eucaliptonaranja_modelo.jpg,B38-11_eucaliptonaranja_modelo,,,,,,,,,,,
B38-01,Default,cr,simple,Default Category/Mujer/Bolso/Día a día,CR,EUCALIPTO MIEL,,"15,5"" x 17"" x 4,5"" agarraderas 22""",825,1,Taxable Goods,"Catalog, Search",69000,,,,B38-01,EUCALIPTO MIEL,"Bolso, cuero, casual, diario",Bolso de cuero sin forrar. Sin cierre. Un bolsillo interno para el celular.,B38-01_eucaliptomiel_producto.jpg,B38-01_eucaliptomiel_producto,B38-01_eucaliptomiel_producto.jpg,B38-01_eucaliptomiel_producto,B38-01_eucaliptomiel_producto.jpg,B38-01_eucaliptomiel_producto,,,"5/23/19, 11:24 AM","6/26/19, 12:18 PM",5/23/19,5/23/20,Block after Info Column,,,,Use config,,,,,,,,,"featured=Yes,timershow=Yes",20,0,1,0,0,1,1,1,10000,1,1,1,1,1,1,1,1,1,0,0,0,,,,,,,,,,,,,,,,,,,
B83-55,Default,cr,simple,Default Category/Mujer/Bolso/Día a día,CR,EUCALIPTO PEQUEÑO COOPER,,"13,5"" x 13"" x 3"" agarraderas 20,5"" , tira larga 38""",805,1,Taxable Goods,"Catalog, Search",69000,,,,B83-55,EUCALIPTO PEQUEÑO COOPER,"Bolso, cuero, casual, diario","Bolso de cuero metálico sin forrar. Sin cierre, con bolsillo interno para el celular. Correa removible.",B83-55_eucaliptopequeñocooper_producto.jpg,B83-55_eucaliptopequeñocooper_productO,B83-55_eucaliptopequeñocooper_producto.jpg,B83-55_eucaliptopequeñocooper_productO,B83-55_eucaliptopequeñocooper_producto.jpg,B83-55_eucaliptopequeñocooper_productO,,,"5/23/19, 11:24 AM","6/26/19, 12:18 PM",5/23/19,5/23/20,Block after Info Column,,,,Use config,,,,,,,,,"featured=Yes,timershow=Yes",20,0,1,0,0,1,1,1,10000,1,1,1,1,1,1,1,1,1,0,0,0,,,,,,,B83-55_eucaliptopequeñocooper-modelo.jpg,B83-55_eucaliptopequeñocooper-modelo,,,,,,,,,,,
